<?xml version="1.0" encoding="UTF-8" standalone="yes"?>
<ns2:ExportManifest xmlns:ns2="http://www.pentaho.com/schema/">
    <ExportManifestInformation exportDate="04-06-2014 07:49:11 CEST" exportBy="admin" rootFolder="/home/admin/"/>
    <ExportManifestEntity path="DashboardTIN.cdfde">
        <ExportManifestProperty>
            <EntityMetaData name="DashboardTIN.cdfde" createdDate="2014-06-04T13:26:24.096+02:00" isFolder="false" path="DashboardTIN.cdfde" isHidden="false" locale="es_ES" title="DashboardTIN.cdfde"/>
        </ExportManifestProperty>
        <ExportManifestProperty>
            <EntityAcl>
                <entriesInheriting>true</entriesInheriting>
                <owner>admin</owner>
                <ownerType>USER</ownerType>
            </EntityAcl>
        </ExportManifestProperty>
    </ExportManifestEntity>
</ns2:ExportManifest>
